Thu Feb 15 17:44:48 2018 +0100,Antoine Rey
Sat Nov 4 11:59:48 2017 +0100,Antoine Rey
Thu Feb 22 10:57:12 2018 +0100,Stephane Nicoll
Thu Feb 22 10:46:09 2018 +0100,Stephane Nicoll
Mon Feb 5 19:19:38 2018 +0100,Ray Tsang
Wed Feb 21 09:09:48 2018 +0000,Dave Syer
Wed Feb 21 10:48:01 2018 +0100,Stephane Nicoll
Sat Jan 20 09:38:36 2018 +0000,Dave Syer
Thu Jan 11 09:16:04 2018 +0000,Dave Syer
Thu Jan 11 09:15:18 2018 +0000,Dave Syer
Tue Jan 9 17:50:14 2018 +0000,Dave Syer
Fri Nov 3 14:17:04 2017 +0000,Dave Syer
Sun Oct 15 16:08:44 2017 +0800,sunflower2014
Mon Dec 5 22:18:58 2016 +0100,Oscar Utbult
Mon Dec 5 21:32:44 2016 +0100,Oscar Utbult
Fri May 19 12:16:02 2017 +0200,thetric
Sun Jul 9 23:45:42 2017 +0300,dastier
Wed Aug 23 18:17:57 2017 +0200,Antoine Rey
Wed Aug 23 18:38:39 2017 +0200,Antoine Rey
Sat Sep 2 11:17:02 2017 +0200,Antoine Rey
Sun Oct 29 19:02:39 2017 +0530,Aditya Ketkar
Fri Nov 3 11:18:15 2017 +0000,Dave Syer
Thu Aug 24 18:26:45 2017 +0200,Antoine Rey
Fri Jun 9 12:01:37 2017 +0800,Jeric Bryle Sy Dy
Fri Jun 30 11:07:07 2017 +0100,Dave Syer
Wed Apr 12 21:41:00 2017 +0200,Antoine Rey
Mon Mar 6 08:19:28 2017 +0100,Antoine Rey
Fri Feb 17 12:30:57 2017 +0100,Stephane Nicoll
Thu Feb 16 15:08:30 2017 -0500,Henri Tremblay
Fri Feb 3 10:04:34 2017 +0000,Dave Syer
Fri Feb 3 10:02:07 2017 +0000,Dave Syer
Fri Feb 3 08:37:02 2017 +0100,Stephane Nicoll
Fri Feb 3 08:36:48 2017 +0100,Stephane Nicoll
Fri Feb 3 08:36:08 2017 +0100,Stephane Nicoll
Thu Feb 2 16:04:52 2017 +0000,Dave Syer
Sun Dec 18 10:51:17 2016 +0800,Huang YunKun
Tue Jan 31 15:51:55 2017 +0000,Dave Syer
Sun Jan 8 15:45:20 2017 +0000,Dave Syer
Tue Dec 20 10:47:45 2016 +0000,Dave Syer
Tue Dec 6 12:04:23 2016 +0000,Dave Syer
Mon Dec 5 21:50:29 2016 +0000,Dave Syer
Mon Dec 5 12:04:53 2016 +0000,Dave Syer
Sat Dec 3 13:05:08 2016 +0100,Oscar Utbult
Thu Dec 1 19:28:47 2016 +0100,Kristof Neirynck
Tue Nov 29 22:36:52 2016 +0100,Kristof Neirynck
Wed Nov 30 20:43:32 2016 +0100,Oscar Utbult
Wed Nov 30 20:56:03 2016 +0100,Oscar Utbult
Fri Dec 2 12:57:29 2016 +0000,Dave Syer
Tue Nov 22 11:12:07 2016 +0000,Dave Syer
Thu Nov 17 10:58:51 2016 +0000,Dave Syer
Thu Nov 17 10:51:33 2016 +0000,Dave Syer
Thu Nov 17 08:34:11 2016 +0100,Antoine Rey
Thu Nov 10 22:10:56 2016 +0000,Dave Syer
Sun Nov 13 19:37:45 2016 +0100,Antoine Rey
Sat Nov 12 12:15:19 2016 +0100,Antoine Rey
Sat Nov 12 12:13:44 2016 +0100,Antoine Rey
Sat Nov 12 12:13:29 2016 +0100,Antoine Rey
Fri Nov 11 22:30:22 2016 +0100,Antoine Rey
Fri Nov 11 09:29:01 2016 +0000,Dave Syer
Thu Nov 10 17:45:54 2016 +0000,Dave Syer
Thu Nov 10 16:51:14 2016 +0000,Dave Syer
Mon Oct 17 08:23:28 2016 +0200,Antoine Rey
Fri Oct 7 18:21:09 2016 +0200,Antoine Rey
Thu Oct 6 20:01:05 2016 +0200,Antoine Rey
Sat Oct 1 13:00:46 2016 +0200,Antoine Rey
Sat Oct 1 13:00:25 2016 +0200,Antoine Rey
Sun Sep 25 18:33:13 2016 +0200,Antoine Rey
Mon Sep 19 15:03:53 2016 +0800,Dapeng
Thu Sep 15 20:28:57 2016 +0200,Antoine Rey
Mon Aug 29 18:48:12 2016 +0200,Stephane Nicoll
Mon Aug 29 18:47:47 2016 +0200,Antoine Rey
Tue Aug 23 19:45:00 2016 +0200,Antoine Rey
Fri Aug 19 18:54:56 2016 +0200,Antoine Rey
Fri Aug 19 18:29:53 2016 +0200,Antoine Rey
Wed Aug 17 18:43:41 2016 +0200,Antoine Rey
Wed Aug 17 18:31:38 2016 +0200,Antoine Rey
Thu Jul 28 13:50:07 2016 +0200,Andrej Gajdos
Tue Aug 16 19:09:09 2016 +0200,Antoine Rey
Wed Aug 10 18:08:06 2016 +0200,Antoine Rey
Thu Jul 28 13:50:07 2016 +0200,Andrej Gajdos
Fri Jul 22 11:31:12 2016 -0400,Mike Eltsufin
Sat Jul 9 12:06:26 2016 +0200,Antoine Rey
Wed Jul 6 19:00:32 2016 +0200,Antoine Rey
Wed Jul 6 18:18:40 2016 +0200,Antoine Rey
Tue Jul 5 18:31:47 2016 +0200,Antoine Rey
Tue Jul 5 18:28:09 2016 +0200,Antoine Rey
Thu Jun 30 20:02:53 2016 +0200,Antoine Rey
Wed Jun 29 08:46:56 2016 +0200,Antoine Rey
Wed Jun 29 09:42:21 2016 +0200,Angel Aguilera
Wed Jun 29 09:39:56 2016 +0200,Angel Aguilera
Wed Jun 29 08:46:56 2016 +0200,Antoine Rey
Tue Jun 28 20:08:26 2016 +0200,Antoine Rey
Tue Jun 28 20:01:32 2016 +0200,Antoine Rey
Tue Jun 28 19:52:59 2016 +0200,Antoine Rey
Tue Jun 28 19:41:53 2016 +0200,Antoine Rey
Tue Jun 28 18:47:51 2016 +0200,Antoine Rey
Tue Jun 28 18:02:53 2016 +0800,Dapeng
Tue Jun 28 08:11:40 2016 +0200,Antoine Rey
Tue Jun 28 11:05:42 2016 +0800,Dapeng
Mon Jun 27 17:57:03 2016 +0200,Antoine Rey
Mon Jun 27 17:06:47 2016 +0800,Dapeng
Mon Jun 27 17:06:47 2016 +0800,Dapeng
Mon Jun 27 08:45:14 2016 +0200,Antoine Rey
Mon Jun 27 12:35:37 2016 +0800,Dapeng
Sat Jun 25 15:27:37 2016 +0200,Antoine Rey
Fri Jun 24 21:22:15 2016 +0200,Antoine Rey
Fri Jun 24 21:18:38 2016 +0200,Antoine Rey
Thu Jun 23 19:46:56 2016 +0200,Antoine Rey
Fri Jun 17 18:38:24 2016 +0200,Antoine Rey
Sun Jun 19 02:23:53 2016 -0400,Ameya Pandilwar
Wed Jun 15 22:46:47 2016 +0200,Attilio
Mon Jun 6 18:36:59 2016 +0200,Antoine Rey
Sat Apr 23 23:31:51 2016 +0500,Faisal Hameed
Fri Apr 8 18:23:18 2016 +0200,Antoine Rey
Tue Apr 5 22:05:25 2016 +0200,Antoine Rey
Tue Apr 5 09:01:37 2016 +0200,Tomas Repel
Tue Apr 5 07:04:33 2016 +0800,Xiao Xi Liu
Mon Apr 4 08:06:27 2016 +0200,Antoine Rey
Sun Mar 13 10:14:05 2016 +0100,Antoine Rey
Sun Mar 13 10:10:30 2016 +0100,Antoine Rey
Wed Mar 9 08:40:57 2016 +0100,Antoine Rey
Sat Mar 5 18:50:45 2016 +0100,Lukasz Szewc
Thu Feb 25 09:36:20 2016 +1000,Armagan Ersoz
Fri Feb 19 14:49:30 2016 -0600,Patrick Crocker
Sun Feb 7 18:31:11 2016 -0500,Ameya Pandilwar
Sat Feb 6 18:55:52 2016 +0100,Antoine Rey
Sat Feb 6 15:02:14 2016 +0800,Michael Isvy
Sat Feb 6 14:58:31 2016 +0800,Michael Isvy
Fri Feb 5 20:21:48 2016 +0100,Antoine Rey
Wed Feb 3 23:19:46 2016 -0500,thinksh
Sun Jan 31 12:41:36 2016 +0100,Antoine Rey
Sat Jan 30 14:32:27 2016 +0100,Antoine Rey
Sat Jan 30 14:30:19 2016 +0100,Antoine Rey
Sat Jan 30 14:00:12 2016 +0100,Antoine Rey
Mon Jan 25 17:21:19 2016 +0000,Faycal Ihabritane
Tue Dec 22 17:19:34 2015 +0100,Michael Isvy
Tue Dec 22 17:12:49 2015 +0100,Michael Isvy
Fri Nov 20 13:56:44 2015 +0000,Colin But
Mon Nov 2 10:51:04 2015 +0100,Tomas Repel
Wed Oct 28 18:39:02 2015 +0100,Antoine Rey
Wed Oct 28 08:57:42 2015 +0100,Antoine Rey
Wed Oct 28 08:30:44 2015 +0100,Antoine Rey
Mon Oct 26 18:35:40 2015 +0100,Antoine Rey
Thu Oct 22 08:36:29 2015 +0200,Antoine Rey
Wed Oct 21 08:25:07 2015 +0200,Antoine Rey
Tue Oct 20 18:59:10 2015 +0200,Antoine Rey
Mon Oct 19 10:53:10 2015 +0200,Tomas Repel
Fri Oct 16 18:20:57 2015 +0200,Antoine Rey
Fri Oct 16 15:04:17 2015 +0200,Tomas Repel
Fri Oct 16 09:33:06 2015 +0200,Antoine Rey
Fri Oct 16 08:03:19 2015 +0200,Antoine Rey
Wed Oct 14 08:29:28 2015 +0200,Antoine Rey
Tue Oct 13 18:41:18 2015 +0200,Antoine Rey
Tue Oct 13 08:32:15 2015 +0200,Antoine Rey
Fri Oct 2 11:33:57 2015 +0200,Tomas Repel
Fri Oct 2 15:51:56 2015 +0800,Michael Isvy
Wed Sep 30 21:20:34 2015 -0400,Joe Freeman
Mon Sep 28 23:45:26 2015 -0400,Joe Freeman
Mon Sep 28 23:04:10 2015 -0400,Joe Freeman
Thu Aug 20 08:13:03 2015 +0200,Antoine Rey
Wed Aug 19 18:44:14 2015 +0200,Antoine Rey
Sat Jul 25 19:44:53 2015 +0800,Michael Isvy
Sat Jul 25 19:38:02 2015 +0800,Michael Isvy
Sat Jul 25 19:30:23 2015 +0800,Michael Isvy
Wed Jul 15 21:53:05 2015 +0200,Antoine Rey
Thu Jul 2 18:20:17 2015 +0200,Antoine Rey
Thu Jul 2 18:15:25 2015 +0200,Antoine Rey
Thu Jul 2 08:11:02 2015 +0200,Antoine Rey
Mon Jun 29 09:03:58 2015 +0200,Antoine Rey
Mon Jun 29 09:01:08 2015 +0200,Antoine Rey
Mon Jun 29 08:50:04 2015 +0200,Antoine Rey
Mon Jun 29 08:37:29 2015 +0200,Antoine Rey
Thu Jun 25 08:33:25 2015 +0200,Antoine Rey
Wed Jun 24 21:15:29 2015 +0200,Antoine Rey
Wed Jun 24 18:43:45 2015 +0200,Antoine Rey
Wed Jun 24 08:12:43 2015 +0200,Antoine Rey
Wed Jun 24 08:11:09 2015 +0200,Antoine Rey
Thu Jun 18 18:29:49 2015 +0200,Antoine Rey
Thu Jun 18 18:28:31 2015 +0200,Antoine Rey
Wed Jun 17 18:54:26 2015 +0200,Antoine Rey
Wed Jun 17 13:10:00 2015 -0500,Michael Isvy
Wed Jun 17 08:30:26 2015 +0200,Antoine Rey
Tue Jun 9 17:14:53 2015 +0800,Michael Isvy
Tue Jun 9 08:40:49 2015 +0200,Antoine Rey
Tue Jun 9 08:37:20 2015 +0200,Antoine Rey
Fri Jun 5 12:37:46 2015 +0200,srenkens
Fri May 29 15:20:10 2015 +0800,Michael Isvy
Fri May 29 15:16:12 2015 +0800,Michael Isvy
Fri May 29 08:07:39 2015 +0200,Antoine Rey
Sat May 23 09:41:21 2015 +0800,Michael Isvy
Sat May 23 09:34:03 2015 +0800,Michael Isvy
Sat May 23 09:31:57 2015 +0800,Michael Isvy
Wed May 20 23:21:37 2015 +0800,Michael Isvy
Wed May 20 23:18:19 2015 +0800,Michael Isvy
Wed May 20 21:43:19 2015 +0800,Michael Isvy
Wed May 13 01:07:57 2015 +0900,Michael Isvy
Wed May 13 01:07:46 2015 +0900,Michael Isvy
Tue May 12 19:55:15 2015 +0800,Michael Isvy
Tue May 12 19:52:00 2015 +0800,Michael Isvy
Tue May 12 19:11:11 2015 +0800,Michael Isvy
Tue May 12 19:07:35 2015 +0800,Michael Isvy
Tue May 12 18:55:24 2015 +0800,Michael Isvy
Mon May 11 09:44:33 2015 +0800,Michael Isvy
Mon May 11 08:39:59 2015 +0800,Michael Isvy
Sun May 10 06:45:39 2015 +0800,Michael Isvy
Sun May 10 06:44:17 2015 +0800,Michael Isvy
Sun May 10 06:33:10 2015 +0800,Michael Isvy
Thu Apr 23 15:43:48 2015 +0300,Vlad Selpukhin
Tue Apr 14 09:27:41 2015 +0800,Michael Isvy
Tue Apr 14 09:27:25 2015 +0800,Michael Isvy
Wed Apr 1 16:39:51 2015 +0200,Martin Klose
Thu Mar 26 17:04:22 2015 +0800,Michael Isvy
Wed Jan 21 18:22:46 2015 +0800,Michael Isvy
Tue Jan 20 22:25:24 2015 +0800,Michael Isvy
Tue Jan 20 22:02:34 2015 +0800,Michael Isvy
Tue Jan 20 21:21:27 2015 +0800,Michael Isvy
Fri Jan 16 09:25:36 2015 +0800,Michael Isvy
Fri Jan 16 09:22:40 2015 +0800,Michael Isvy
Fri Jan 16 09:08:22 2015 +0800,Michael Isvy
Fri Dec 5 13:41:55 2014 +0800,Michael Isvy
Fri Dec 5 13:40:07 2014 +0800,Michael Isvy
Fri Nov 28 13:54:31 2014 +0900,Michael Isvy
Fri Nov 28 13:52:09 2014 +0900,Michael Isvy
Fri Nov 28 13:40:46 2014 +0900,Michael Isvy
Fri Nov 28 13:25:17 2014 +0900,Michael Isvy
Fri Nov 28 13:19:25 2014 +0900,Michael Isvy
Fri Nov 28 12:45:57 2014 +0900,Michael Isvy
Sat Oct 18 23:39:29 2014 +0800,Michael Isvy
Sat Oct 18 23:36:15 2014 +0800,Michael Isvy
Sat Oct 18 22:28:30 2014 +0800,Michael Isvy
Sat Oct 18 22:13:01 2014 +0800,Michael Isvy
Tue Aug 26 10:51:01 2014 +0800,Michael Isvy
Fri Aug 8 13:55:01 2014 +0800,Michael Isvy
Mon Jul 7 21:19:40 2014 -0700,Craig Dennis
Wed Jul 2 05:55:16 2014 +0800,Michael Isvy
Thu Jun 5 00:00:29 2014 +0800,Michael Isvy
Sun Jun 1 12:50:08 2014 +0200,Thibault Duchateau
Sat May 31 11:02:32 2014 +0200,Thibault Duchateau
Sun May 11 18:37:42 2014 +0200,Bram Luyten
Sat Apr 12 23:54:45 2014 +0800,Michael Isvy
Sat Apr 12 23:29:02 2014 +0800,Michael Isvy
Sat Apr 12 23:28:53 2014 +0800,Michael Isvy
Sun Mar 23 17:43:58 2014 +0100,Antoine Rey
Mon Mar 3 21:32:35 2014 +0800,Michael Isvy
Mon Mar 3 21:26:12 2014 +0800,Michael Isvy
Mon Mar 3 21:24:29 2014 +0800,Michael Isvy
Mon Feb 24 14:05:02 2014 +0100,Antoine Rey
Mon Feb 3 09:59:48 2014 +0800,Michael Isvy
Mon Feb 3 09:56:07 2014 +0800,Michael Isvy
Mon Feb 3 09:50:56 2014 +0800,Michael Isvy
Mon Feb 3 09:48:51 2014 +0800,Michael Isvy
Mon Feb 3 09:31:44 2014 +0800,Michael Isvy
Mon Dec 16 21:00:51 2013 +0900,Michael Isvy
Mon Dec 16 20:58:15 2013 +0900,Michael Isvy
Mon Dec 16 20:43:21 2013 +0900,Michael Isvy
Fri Dec 13 10:31:31 2013 +0800,Michael Isvy
Fri Dec 13 08:15:24 2013 +0800,Michael Isvy
Fri Dec 13 08:15:10 2013 +0800,Michael Isvy
Sun Nov 24 17:16:55 2013 +0530,Michael Isvy
Sun Nov 24 06:46:02 2013 +0530,Michael Isvy
Wed Nov 6 09:18:33 2013 +0800,Michael Isvy
Wed Nov 6 08:58:15 2013 +0800,Michael Isvy
Wed Nov 6 08:33:31 2013 +0800,Michael Isvy
Wed Nov 6 08:29:27 2013 +0800,Michael Isvy
Fri Sep 27 11:31:36 2013 +0800,Michael Isvy
Fri Sep 27 11:30:29 2013 +0800,Michael Isvy
Fri Sep 27 11:25:39 2013 +0800,Michael Isvy
Fri Sep 27 11:19:25 2013 +0800,Michael Isvy
Fri Sep 27 09:33:09 2013 +0800,Michael Isvy
Wed Sep 25 08:50:22 2013 +0800,Michael Isvy
Wed Sep 25 08:47:06 2013 +0800,Michael Isvy
Sun Aug 25 17:05:24 2013 +0800,Michael Isvy
Sun Aug 25 08:26:33 2013 +0800,Michael Isvy
Sun Aug 25 08:17:02 2013 +0800,Michael Isvy
Sun Aug 25 08:13:40 2013 +0800,Michael Isvy
Sat Aug 10 19:49:01 2013 +0200,Cyrille Le Clerc
Sat Aug 10 19:39:59 2013 +0200,Cyrille Le Clerc
Fri Aug 9 08:05:16 2013 +0200,Michael Isvy
Thu Aug 1 09:50:56 2013 +0200,Michael Isvy
Thu Jul 25 16:35:37 2013 +0200,Michael Isvy
Fri Jul 12 10:22:38 2013 +0200,boly38
Thu Jul 11 10:12:34 2013 +0800,Michael Isvy
Mon Jul 1 12:13:29 2013 +0200,Cyrille Le Clerc
Fri Jun 28 11:32:04 2013 +0200,Cyrille Le Clerc
Fri Jun 28 12:00:29 2013 +0800,Michael Isvy
Fri Jun 28 10:10:12 2013 +0800,Michael Isvy
Fri Jun 14 07:18:33 2013 +0300,Cyrille Le Clerc
Fri Jun 14 09:39:46 2013 +0800,Michael Isvy
Wed Jun 12 11:34:05 2013 +0800,Michael Isvy
Sat Jun 8 21:17:35 2013 +0800,Michael Isvy
Sat Jun 8 21:15:34 2013 +0800,Michael Isvy
Wed Jun 5 09:04:41 2013 +0800,Michael Isvy
Wed Jun 5 08:59:59 2013 +0800,Michael Isvy
Mon May 27 14:28:24 2013 -0400,Tejas Metha
Sat May 25 06:24:19 2013 +0800,Michael Isvy
Sat May 25 06:20:44 2013 +0800,Michael Isvy
Fri May 24 18:02:50 2013 +0800,Michael Isvy
Fri May 24 10:31:42 2013 +0800,Michael Isvy
Sun May 19 22:46:14 2013 +0800,Michael Isvy
Thu May 9 01:26:48 2013 +0800,Michael Isvy
Thu May 9 01:09:21 2013 +0800,Michael Isvy
Tue May 7 10:58:21 2013 +0800,Michael Isvy
Tue May 7 10:54:35 2013 +0800,Michael Isvy
Mon May 6 11:00:13 2013 +0800,Michael Isvy
Mon May 6 10:57:17 2013 +0800,Michael Isvy
Mon May 6 09:39:41 2013 +0800,Michael Isvy
Fri May 3 10:36:54 2013 +0800,Michael Isvy
Thu May 2 18:33:24 2013 +0800,Michael Isvy
Thu May 2 18:03:32 2013 +0800,Michael Isvy
Thu May 2 12:28:43 2013 +0800,Michael Isvy
Thu May 2 11:32:03 2013 +0800,Michael Isvy
Wed May 1 07:43:16 2013 +0800,Michael Isvy
Fri Apr 26 15:50:04 2013 +0800,Michael Isvy
Thu Apr 25 09:00:20 2013 +0800,Michael Isvy
Mon Apr 22 12:48:12 2013 +0800,Michael Isvy
Mon Apr 22 11:45:02 2013 +0800,Michael Isvy
Thu Apr 18 10:10:16 2013 +0800,Michael Isvy
Thu Apr 18 10:09:28 2013 +0800,Michael Isvy
Mon Apr 15 17:17:45 2013 +0800,Michael Isvy
Fri Apr 5 10:01:47 2013 +0800,Michael Isvy
Thu Apr 4 15:11:07 2013 +0800,Michael Isvy
Wed Mar 27 12:31:34 2013 +1100,Michael Isvy
Mon Mar 25 22:39:14 2013 +1100,Michael Isvy
Wed Mar 20 17:57:07 2013 +0800,Michael Isvy
Wed Mar 20 16:13:31 2013 +0800,Michael Isvy
Wed Mar 20 15:33:29 2013 +0800,Michael Isvy
Mon Mar 18 21:37:01 2013 +0800,Michael Isvy
Mon Mar 18 14:14:24 2013 +0800,Michael Isvy
Fri Mar 15 22:14:33 2013 +0800,Michael Isvy
Fri Mar 15 16:36:26 2013 +0800,Michael Isvy
Fri Mar 15 16:22:15 2013 +0800,Michael Isvy
Fri Mar 15 16:11:38 2013 +0800,Michael Isvy
Fri Mar 15 10:54:51 2013 +0800,Michael Isvy
Fri Mar 15 10:34:09 2013 +0800,Michael Isvy
Fri Mar 15 10:24:07 2013 +0800,Michael Isvy
Fri Mar 15 10:18:24 2013 +0800,Michael Isvy
Fri Mar 15 10:15:50 2013 +0800,Michael Isvy
Fri Mar 15 10:13:57 2013 +0800,Michael Isvy
Fri Mar 15 10:11:29 2013 +0800,Michael Isvy
Fri Mar 15 10:09:33 2013 +0800,Michael Isvy
Fri Mar 15 10:03:04 2013 +0800,Michael Isvy
Thu Mar 14 18:04:55 2013 +0800,Michael Isvy
Thu Mar 14 18:04:36 2013 +0800,Michael Isvy
Mon Mar 11 11:24:18 2013 +0800,Michael Isvy
Mon Mar 11 11:07:39 2013 +0800,Michael Isvy
Mon Mar 11 11:04:51 2013 +0800,Michael Isvy
Mon Mar 11 09:22:58 2013 +0800,Michael Isvy
Mon Mar 11 09:22:01 2013 +0800,Michael Isvy
Tue Mar 5 22:25:05 2013 +0100,Thibault Duchateau
Mon Mar 4 12:15:20 2013 +0800,Michael Isvy
Fri Mar 1 06:40:05 2013 +0800,Michael Isvy
Tue Feb 26 17:41:47 2013 +0800,Michael Isvy
Tue Feb 26 17:38:06 2013 +0800,Michael Isvy
Tue Feb 26 17:27:29 2013 +0800,Michael Isvy
Tue Feb 26 17:25:31 2013 +0800,Michael Isvy
Tue Feb 26 17:20:55 2013 +0800,Michael Isvy
Mon Feb 25 22:40:24 2013 +0100,Julien Dubois
Mon Feb 25 22:33:08 2013 +0100,Julien Dubois
Sun Feb 24 21:36:36 2013 +0100,Thibault Duchateau
Sun Feb 24 20:36:09 2013 +0100,Thibault Duchateau
Fri Feb 22 10:18:10 2013 +0800,Michael Isvy
Thu Feb 21 14:50:00 2013 +0800,Michael Isvy
Thu Feb 21 14:46:43 2013 +0800,Michael Isvy
Thu Feb 21 14:27:13 2013 +0800,Michael Isvy
Thu Feb 21 10:11:51 2013 +0800,Michael Isvy
Thu Feb 21 10:10:41 2013 +0800,Michael Isvy
Thu Feb 21 09:44:38 2013 +0800,Michael Isvy
Wed Feb 20 09:40:48 2013 +0800,Michael Isvy
Tue Feb 19 11:10:37 2013 -0500,Gordon Dickens
Tue Feb 19 10:56:21 2013 -0500,Gordon Dickens
Tue Feb 19 10:44:33 2013 -0500,Gordon Dickens
Tue Feb 19 10:20:11 2013 -0500,Gordon Dickens
Tue Feb 19 10:00:14 2013 -0500,Gordon Dickens
Tue Feb 19 16:36:23 2013 +0800,Michael Isvy
Sat Feb 16 03:27:43 2013 +0100,Michael Isvy
Fri Feb 15 15:31:04 2013 +0800,Michael Isvy
Fri Feb 15 10:01:26 2013 +0800,Michael Isvy
Fri Feb 15 09:58:19 2013 +0800,Michael Isvy
Fri Feb 15 09:54:15 2013 +0800,Michael Isvy
Fri Feb 15 09:53:47 2013 +0800,Michael Isvy
Thu Feb 14 23:00:10 2013 +0800,Michael Isvy
Thu Feb 14 22:53:50 2013 +0800,Michael Isvy
Thu Feb 14 22:48:07 2013 +0800,Michael Isvy
Thu Feb 14 22:34:35 2013 +0800,Michael Isvy
Thu Feb 14 11:56:45 2013 +0800,Michael Isvy
Thu Feb 14 11:45:14 2013 +0800,Michael Isvy
Thu Feb 14 11:18:30 2013 +0800,Michael Isvy
Thu Feb 14 11:12:36 2013 +0800,Michael Isvy
Wed Feb 13 11:22:41 2013 +0800,Michael Isvy
Wed Feb 13 09:37:42 2013 +0800,Michael Isvy
Wed Feb 13 09:29:18 2013 +0800,Michael Isvy
Wed Feb 13 08:06:37 2013 +0800,Michael Isvy
Wed Feb 13 07:57:51 2013 +0800,Michael Isvy
Wed Feb 13 07:55:12 2013 +0800,Michael Isvy
Tue Feb 12 22:51:51 2013 +0800,Michael Isvy
Tue Feb 12 09:12:51 2013 +0800,Michael Isvy
Tue Feb 12 08:29:13 2013 +0800,Michael Isvy
Tue Feb 12 08:22:39 2013 +0800,Michael Isvy
Sun Feb 10 18:16:18 2013 -0500,Rossen Stoyanchev
Fri Feb 8 14:26:00 2013 +0800,Michael Isvy
Fri Feb 8 12:46:00 2013 +0800,Michael Isvy
Thu Feb 7 10:31:18 2013 +0800,Michael Isvy
Thu Feb 7 10:08:53 2013 +0800,Michael Isvy
Thu Feb 7 10:01:53 2013 +0800,Michael Isvy
Thu Feb 7 09:25:30 2013 +0800,Michael Isvy
Wed Feb 6 21:31:07 2013 +0800,Michael Isvy
Wed Feb 6 17:41:38 2013 +0800,Michael Isvy
Wed Feb 6 17:33:11 2013 +0800,Michael Isvy
Tue Feb 5 12:21:51 2013 +0800,Michael Isvy
Tue Feb 5 09:58:42 2013 +0800,Michael Isvy
Tue Feb 5 09:50:01 2013 +0800,Michael Isvy
Tue Feb 5 09:49:33 2013 +0800,Michael Isvy
Fri Feb 1 09:40:23 2013 +0800,Michael Isvy
Fri Feb 1 09:35:49 2013 +0800,Michael Isvy
Fri Feb 1 09:29:20 2013 +0800,Michael Isvy
Fri Feb 1 09:28:58 2013 +0800,Michael Isvy
Thu Jan 31 21:57:19 2013 +0800,Michael Isvy
Wed Jan 30 11:20:22 2013 +0800,Michael Isvy
Wed Jan 30 11:19:48 2013 +0800,Michael Isvy
Wed Jan 30 09:05:17 2013 +0800,Michael Isvy
Wed Jan 30 09:04:48 2013 +0800,Michael Isvy
Tue Jan 29 17:47:45 2013 +0800,Michael Isvy
Tue Jan 29 13:08:48 2013 +0800,Michael Isvy
Mon Jan 28 17:50:47 2013 +0400,Michael Isvy
Mon Jan 28 17:01:30 2013 +0400,Michael Isvy
Tue Jan 22 09:29:49 2013 +0100,Michael Isvy
Sat Jan 19 03:02:12 2013 +0800,Michael Isvy
Sat Jan 19 02:53:27 2013 +0800,Michael Isvy
Fri Jan 18 18:32:23 2013 +0800,Michael Isvy
Fri Jan 18 17:17:40 2013 +0800,Michael Isvy
Fri Jan 18 16:56:01 2013 +0800,Michael Isvy
Thu Jan 17 15:27:27 2013 +0800,Michael Isvy
Wed Jan 16 12:46:23 2013 +0800,Michael Isvy
Wed Jan 16 11:07:39 2013 +0800,Michael Isvy
Wed Jan 16 11:02:37 2013 +0800,Michael Isvy
Wed Jan 16 10:57:50 2013 +0800,Michael Isvy
Wed Jan 16 10:30:20 2013 +0800,Michael Isvy
Tue Jan 15 17:31:01 2013 +0800,Michael Isvy
Tue Jan 15 10:57:36 2013 +0800,Michael Isvy
Tue Jan 15 10:38:24 2013 +0800,Michael Isvy
Tue Jan 15 09:42:45 2013 +0800,Michael Isvy
Tue Jan 15 09:29:01 2013 +0800,Michael Isvy
Mon Jan 14 23:44:06 2013 +0800,Michael Isvy
Mon Jan 14 23:43:13 2013 +0800,Michael Isvy
Mon Jan 14 23:40:25 2013 +0800,Michael Isvy
Mon Jan 14 23:36:06 2013 +0800,Michael Isvy
Mon Jan 14 23:23:07 2013 +0800,Michael Isvy
Mon Jan 14 22:13:04 2013 +0800,Michael Isvy
Mon Jan 14 16:55:09 2013 +0800,Michael Isvy
Mon Jan 14 16:12:05 2013 +0800,Michael Isvy
Mon Jan 14 11:32:32 2013 +0800,Michael Isvy
Mon Jan 14 11:02:08 2013 +0800,Michael Isvy
Mon Jan 14 00:08:37 2013 +0800,Michael Isvy
Thu Jan 10 16:12:50 2013 +0800,Michael Isvy
Wed Jan 9 21:37:28 2013 +0800,Michael Isvy
Wed Jan 9 21:23:44 2013 +0800,Michael Isvy
Wed Jan 9 17:28:20 2013 +0800,Michael Isvy
Wed Jan 9 17:24:48 2013 +0800,Michael Isvy
Wed Jan 9 17:12:47 2013 +0800,Michael Isvy
Wed Jan 9 17:12:37 2013 +0800,Michael Isvy
Mon Mar 19 16:32:05 2012 +0000,Rossen Stoyanchev
Thu Sep 2 07:51:24 2010 +0000,Chris Beams
Mon Jul 19 14:20:39 2010 +0000,Costin Leau
Thu Feb 18 22:11:04 2010 +0000,Keith Donald
Thu Feb 4 19:40:47 2010 +0000,Costin Leau
Thu Feb 4 19:07:55 2010 +0000,Costin Leau
Thu Feb 4 17:48:51 2010 +0000,Costin Leau
Wed Feb 3 22:15:30 2010 +0000,Costin Leau
Mon Jan 25 17:11:59 2010 +0000,Costin Leau
Sat Dec 19 22:36:19 2009 +0000,Keith Donald
Sat Dec 19 22:29:37 2009 +0000,Keith Donald
Sat Dec 19 22:21:35 2009 +0000,Keith Donald
Sat Dec 19 22:16:35 2009 +0000,Keith Donald
Sat Dec 19 22:14:21 2009 +0000,Keith Donald
Sat Dec 19 22:12:52 2009 +0000,Keith Donald
Sat Dec 19 21:55:55 2009 +0000,Keith Donald
Sat Dec 19 21:49:29 2009 +0000,Keith Donald
Sat Dec 19 21:37:18 2009 +0000,Keith Donald
Thu Dec 17 18:51:44 2009 +0000,Keith Donald
Thu Dec 17 17:34:12 2009 +0000,Costin Leau
Thu Dec 17 17:12:21 2009 +0000,Keith Donald
Wed Dec 16 20:22:37 2009 +0000,Keith Donald
Wed Dec 16 17:25:22 2009 +0000,Keith Donald
Wed Dec 16 17:16:10 2009 +0000,Keith Donald
Wed Dec 16 16:59:09 2009 +0000,Keith Donald
Wed Dec 16 16:54:41 2009 +0000,Keith Donald
Wed Dec 16 16:44:43 2009 +0000,Keith Donald
Wed Dec 16 15:47:24 2009 +0000,Keith Donald
Mon Dec 14 22:13:04 2009 +0000,Thomas Risberg
Mon Dec 14 19:47:46 2009 +0000,Costin Leau
Mon Dec 14 19:06:58 2009 +0000,Costin Leau
Thu Dec 10 21:08:19 2009 +0000,Costin Leau
Thu Dec 10 20:49:35 2009 +0000,Costin Leau
Fri Nov 27 16:48:35 2009 +0000,Costin Leau
Thu Nov 26 20:56:30 2009 +0000,Costin Leau
Thu Nov 26 20:51:48 2009 +0000,Costin Leau
Thu Nov 26 20:50:10 2009 +0000,Costin Leau
Thu Nov 26 20:04:27 2009 +0000,Costin Leau
Thu Nov 26 20:03:27 2009 +0000,Costin Leau
Thu Nov 26 19:34:40 2009 +0000,Costin Leau
Thu Nov 26 18:30:49 2009 +0000,Costin Leau
Thu Nov 26 17:40:44 2009 +0000,Costin Leau
Thu Nov 26 16:53:18 2009 +0000,Costin Leau
Thu Nov 26 16:51:12 2009 +0000,Costin Leau
Thu Nov 26 16:47:32 2009 +0000,Costin Leau
Thu Nov 26 16:46:54 2009 +0000,Costin Leau
Wed Nov 25 19:37:20 2009 +0000,Costin Leau
Wed Nov 25 19:27:08 2009 +0000,Costin Leau
Wed Nov 25 18:45:52 2009 +0000,Costin Leau
Wed Nov 25 16:53:14 2009 +0000,Costin Leau
Thu May 7 20:39:59 2009 +0000,Keith Donald
Wed May 6 21:43:08 2009 +0000,Keith Donald
Wed May 6 19:28:33 2009 +0000,Keith Donald
Wed May 6 19:28:19 2009 +0000,Keith Donald
Wed May 6 18:22:37 2009 +0000,Keith Donald
Wed May 6 18:18:31 2009 +0000,Keith Donald
Wed May 6 18:06:20 2009 +0000,Keith Donald
Wed May 6 18:02:27 2009 +0000,Keith Donald
Wed May 6 17:55:57 2009 +0000,Keith Donald
Wed May 6 17:50:03 2009 +0000,Keith Donald
Wed May 6 16:37:16 2009 +0000,Keith Donald
Tue May 5 22:14:54 2009 +0000,Keith Donald
Tue May 5 22:12:23 2009 +0000,Keith Donald
Tue May 5 22:00:59 2009 +0000,Keith Donald
Tue May 5 17:30:38 2009 +0000,Keith Donald
Tue May 5 17:22:49 2009 +0000,Keith Donald
Wed Jan 9 01:05:18 2013 -0800,Michael Isvy
